<?xml version="1.0" encoding="UTF-8"?>
<beans:beans xmlns="http://www.springframework.org/schema/mvc"
	xmlns:xsi="http://www.w3.org/2001/XMLSchema-instance"
	xmlns:beans="http://www.springframework.org/schema/beans"
	xmlns:context="http://www.springframework.org/schema/context"
	xsi:schemaLocation="http://www.springframework.org/schema/mvc https://www.springframework.org/schema/mvc/spring-mvc.xsd
		http://www.springframework.org/schema/beans https://www.springframework.org/schema/beans/spring-beans.xsd
		http://www.springframework.org/schema/context https://www.springframework.org/schema/context/spring-context.xsd">

	<!-- DispatcherServlet Context: defines this servlet's request-processing infrastructure -->
	
	<!-- Enables the Spring MVC @Controller programming model -->
	<annotation-driven />

	<!-- Handles HTTP GET requests for /resources/** by efficiently serving up static resources in the ${webappRoot}/resources directory -->
	<resources mapping="/resources/**" location="/resources/" />
	<!-- <resources mapping="/images/**" location="/images/" />
	<resources mapping="/css/**" location="/css/" /> -->

	<!-- <default-servlet-handler/> -->


	<!-- Resolves views selected for rendering by @Controllers to .jsp resources in the /WEB-INF/views directory -->
	<beans:bean class="org.springframework.web.servlet.view.InternalResourceViewResolver">
		<beans:property name="prefix" value="/WEB-INF/views/" />
		<beans:property name="suffix" value=".jsp" />
		<beans:property name="order" value="1" />
	</beans:bean>
	
	
	<context:component-scan base-package="com.ez.herb" use-default-filters="false">
		<context:include-filter expression="org.springframework.stereotype.Controller" 
		type="annotation"/>
	</context:component-scan>
	
	<beans:bean class="org.springframework.web.servlet.view.BeanNameViewResolver">
	     <beans:property name="order" value="0" />
	</beans:bean>
	
	<interceptors>
		<interceptor>
			<mapping path="/member/memberEdit.do"/>
			<mapping path="/member/memberOut.do"/>
			<mapping path="/shop/cart/*"/>
			<mapping path="/shop/order/*"/>
			<beans:ref bean="loginInterceptor"/>
		</interceptor>		
		
		<interceptor>
			<mapping path="/admin/**"/>
			<exclude-mapping path="/admin/login/adminLogin.do"/>
			<beans:ref bean="adminLoginInterceptor" />
		</interceptor>	
	</interceptors>
	
</beans:beans>


