<?xml version="1.0" encoding="UTF-8"?>
<!DOCTYPE log4j:configuration PUBLIC "-//APACHE//DTD LOG4J 1.2//EN" "log4j.dtd">
<log4j:configuration xmlns:log4j="http://jakarta.apache.org/log4j/">

	<!-- Appenders -->
	<appender name="console" class="org.apache.log4j.ConsoleAppender">		
		<param name="Target" value="System.out" />
		<layout class="org.apache.log4j.PatternLayout">
			<!-- <param name="ConversionPattern" value="%p: %c:%M:%L - %m%n" /> -->
			<param name="ConversionPattern" value="[%d{HH:mm:ss}] [%p] [%c:%M:%L ] - %m%n" />
		</layout>
	</appender>
	
	<appender name="file" class="org.apache.log4j.DailyRollingFileAppender">
		<param name="File" value="d:\\logs\\debug.log" />
		<param name="Append" value="true" />
		<param name="DatePattern" value="'.'yyyy-MM-dd" />
		<layout class="org.apache.log4j.PatternLayout">
		  <param name="ConversionPattern" value="[%d{yyyy-MM-dd HH:mm}] %p [%C{1}(%M:%L)] :%m%n%n" />
		</layout>
	</appender>
	
	<!-- Application Loggers -->
	<logger name="com.ez.herb">
		<level value="info" />
	</logger>
	
	<!-- 3rdparty Loggers -->
	<logger name="org.springframework.core">
		<level value="info" />
	</logger>
	
	<logger name="org.springframework.beans">
		<level value="info" />
	</logger>
	
	<logger name="org.springframework.context">
		<level value="info" />
	</logger>

	<logger name="org.springframework.web">
		<level value="info" />
	</logger>

	<!-- log SQL with timing information, post execution -->
	<logger name="jdbc.sqltiming" additivity="false">
		<level value="DEBUG" />
		<appender-ref ref="console" />
	</logger>
 
	<!-- <logger name="com.ibatis">
		<level value="DEBUG"/>
	</logger> -->
	
	<!-- <logger name="java.sql">
	  <level value="DEBUG"/>
	</logger> -->
	
	
	
	<!-- Root Logger -->
	<root>
		<priority value="warn" />
		<appender-ref ref="console" />
		<appender-ref ref="file" />
	</root>
	
</log4j:configuration>
