<?xml version="1.0" encoding="UTF-8"?>
<beans xmlns="http://www.springframework.org/schema/beans"
	xmlns:xsi="http://www.w3.org/2001/XMLSchema-instance"
	xmlns:context="http://www.springframework.org/schema/context"
	xmlns:util="http://www.springframework.org/schema/util"
	xmlns:mvc="http://www.springframework.org/schema/mvc"
	xsi:schemaLocation="http://www.springframework.org/schema/mvc http://www.springframework.org/schema/mvc/spring-mvc-3.1.xsd
		http://www.springframework.org/schema/beans http://www.springframework.org/schema/beans/spring-beans-3.0.xsd
		http://www.springframework.org/schema/util http://www.springframework.org/schema/util/spring-util-3.1.xsd
		http://www.springframework.org/schema/context http://www.springframework.org/schema/context/spring-context-3.0.xsd">

	<context:component-scan base-package="com.ez.herb">
		<context:exclude-filter expression="org.springframework.stereotype.Controller"
			type="annotation" />		
	</context:component-scan>

    <!-- MULTIPART RESOLVERS -->
    <!-- regular spring resolver -->
    <bean id="spring.RegularCommonsMultipartResolver" 
    	class="org.springframework.web.multipart.commons.CommonsMultipartResolver">
        <property name="maxUploadSize" value="2000000" />
        <property name="maxInMemorySize" value="2000000" />
    </bean>

    <alias name="spring.RegularCommonsMultipartResolver" alias="multipartResolver" />

	<util:properties id="fileUpProperties" 
		location="classpath:/config/props/fileUpload.properties"></util:properties>
	
	
	
</beans>






