<?xml version="1.0" encoding="UTF-8"?>
<beans xmlns="http://www.springframework.org/schema/beans"
	xmlns:xsi="http://www.w3.org/2001/XMLSchema-instance"
	xmlns:context="http://www.springframework.org/schema/context"
	xmlns:p="http://www.springframework.org/schema/p"
	xmlns:tx="http://www.springframework.org/schema/tx"
	xmlns:aop="http://www.springframework.org/schema/aop"
	xsi:schemaLocation="http://www.springframework.org/schema/aop http://www.springframework.org/schema/aop/spring-aop-3.1.xsd
		http://www.springframework.org/schema/beans http://www.springframework.org/schema/beans/spring-beans-3.0.xsd
		http://www.springframework.org/schema/tx http://www.springframework.org/schema/tx/spring-tx-3.1.xsd
		http://www.springframework.org/schema/context http://www.springframework.org/schema/context/spring-context-3.1.xsd">
	
	<!-- <bean id="propertyConfigurer" 
		class="org.springframework.beans.factory.config.PropertyPlaceholderConfigurer">
        <property name="locations">
            <list>
                <value>classpath:/config/props/database.properties</value>
            </list>
        </property>
    </bean> -->
    
    <context:property-placeholder location="classpath:/config/props/database.properties" />
    
    <!-- DataSource -->	
    <alias name="dataSource-${Globals.DbType}" alias="dataSource"/>

	<!-- MySQL -->
	<bean id="dataSource-mysql" class="org.apache.commons.dbcp.BasicDataSource" destroy-method="close">
		<property name="driverClassName" value="${Globals.DriverClassName}"/>
		<property name="url" value="${Globals.Url}" />
		<property name="username" value="${Globals.UserName}"/>
		<property name="password" value="${Globals.Password}"/>
	</bean>

	<!-- Oracle -->
	<bean id="dataSource-oracle" class="org.apache.commons.dbcp.BasicDataSource" destroy-method="close">
		<property name="driverClassName" value="${Globals.DriverClassName}"/>
		<property name="url" value="${Globals.Url}" />
		<property name="username" value="${Globals.UserName}"/>
		<property name="password" value="${Globals.Password}"/>
	</bean>
	
			
	<bean id="transactionManager"
		class="org.springframework.jdbc.datasource.DataSourceTransactionManager"
		p:dataSource-ref="dataSource" />
	
	<tx:annotation-driven />
	
	<bean id="sqlSessionFactoryBean" class="org.mybatis.spring.SqlSessionFactoryBean">		
		<property name="dataSource" ref="dataSource" />
		<property name="configLocation" 
			value="classpath:/config/mybatis/${Globals.DbType}/mybatis-config.xml" />
		<property name="typeAliasesPackage" value="com.ez.herb" />
		<property name="mapperLocations">
			<array>
				<!-- <value>classpath:/config/mybatis/mapper/oracle/category.xml</value> -->
				<value>classpath*:/config/mybatis/mapper/${Globals.DbType}/**/*.xml</value>
			</array>
		</property>		
	</bean>
	
	<bean id="sqlSessionTemplate"	class="org.mybatis.spring.SqlSessionTemplate">
		<constructor-arg name="sqlSessionFactory" ref="sqlSessionFactoryBean" />
	</bean>
</beans>
