<?xml version="1.0" encoding="UTF-8"?>
<!DOCTYPE mapper PUBLIC "-//mybatis.org//DTD Mapper 3.0//EN" 
"http://mybatis.org/dtd/mybatis-3-mapper.dtd">

<mapper namespace="config.mybatis.mapper.oracle.board">
	<insert id="insertBoard" parameterType="boardVo">
		<selectKey	keyProperty="no" resultType="int" order="BEFORE">
			select board_seq.nextval from dual
		</selectKey>
		insert into board(no, name,pwd, title, email, content)
		values(#{no}, #{name},#{pwd}, #{title}, 
			#{email}, #{content})
	</insert>
	
<!-- 	<select id="selectAll" parameterType="searchVo" resultType="boardVo">
		select * from board
		<if test="searchKeyword!=null and searchKeyword != ''">
			where ${searchCondition} like '%' || #{searchKeyword} || '%'
		</if>
		order by no desc
	</select> -->
	
	<sql id="searchWhere">
		<if test="searchKeyword!=null and searchKeyword != ''">
			where ${searchCondition} like '%' || #{searchKeyword} || '%'
		</if>
	</sql>
	
	<select id="selectAll" parameterType="searchVo" resultType="boardVo">
		select *
		from
		(
		    select rownum as RNUM, A.*
		    from
		    (
		        select 
		        	no, name, pwd, title, email, regdate, readcount,
		        	content, (sysdate-regdate)*24 as newImgTerm
		        from board
				<include refid="searchWhere"></include>
				order by no desc
		    )A
		)
		where RNUM > #{firstRecordIndex} 
		<![CDATA[
		and RNUM<= #{firstRecordIndex} + #{recordCountPerPage}
		]]>
	</select>
	
	<select id="selectTotalRecord" parameterType="searchVo" 
		resultType="int">
		select count(*) from board
		<include refid="searchWhere"></include>
	</select>
	
	<update id="updateReadCount" parameterType="int">
		update board
		set readcount=readcount+1
		where no=#{no}
	</update>
	
	<select id="selectByNo" parameterType="int" resultType="boardVO">
		select * from board where no=#{no}
	</select>
	
	<select id="selectPwd" parameterType="int" resultType="string">
		select pwd 
		from board
		where no=#{no}
	</select>
	
	<update id="updateBoard" parameterType="boardVo">
		update board
		set name=#{name}, title=#{title}, email=#{email},
			content=#{content}
		where no=#{no}
	</update>
	
	<delete id="deleteBoard" parameterType="int">
		delete from board
		where no=#{no}
	</delete>
	
	<select id="selectMainNotice" resultType="boardVo">
		select *
		from 
		( 
			select * from board order by no desc 
		) 
		<![CDATA[ where rownum<=6 ]]>
	</select>
	
</mapper>









