<?xml version="1.0" encoding="UTF-8"?>
<!DOCTYPE mapper PUBLIC "-//mybatis.org//DTD Mapper 3.0//EN" 
"http://mybatis.org/dtd/mybatis-3-mapper.dtd">

<mapper namespace="config.mybatis.mapper.oracle.cart">
	<insert id="insertCart" parameterType="cartVo">
		<selectKey keyProperty="cartNo" resultType="int"
			order="BEFORE">
			select cart_seq.nextval from dual
		</selectKey>
		insert into cart(cartNo, customerId, productNo, quantity)
		values(#{cartNo}, #{customerId}, #{productNo}, #{quantity})
	</insert>	
	
	<update id="updateCartQty" parameterType="cartVo">
		update cart
		set quantity=quantity+#{quantity}
		where customerid=#{customerId} and productno=#{productNo}
	</update>
	
	<select id="selectCartCount" parameterType="cartVo"
		resultType="int">
		select count(*) from cart
		where customerid=#{customerId} and productno=#{productNo}
	</select>
	
	<select id="selectCart" parameterType="string" resultType="map">
		select * from cartView
		where customerid=#{customerId}
	</select>
	
	<update id="updateCart" parameterType="cartVo">
		update cart
		set quantity=#{quantity}
		where cartno=#{cartNo}
	</update>
	
	<delete id="deleteCart" parameterType="int">
		delete from cart
		where cartno=#{cartNo}
	</delete>
	
</mapper>









