<?xml version="1.0" encoding="UTF-8"?>
<!DOCTYPE mapper PUBLIC "-//mybatis.org//DTD Mapper 3.0//EN" 
"http://mybatis.org/dtd/mybatis-3-mapper.dtd">

<mapper namespace="config.mybatis.mapper.oracle.manager">
	<select id="selectAuth" resultType="map">
		select * from authority order by authlevel
	</select>

	<select id="selectDup" parameterType="string" resultType="int">
		select count(*) from managers
		where userid=#{userid}
	</select>
	
	<insert id="insertManager" parameterType="managerVo">
		<selectKey resultType="int" keyProperty="no" order="BEFORE">
			select 	managers_seq.nextval from dual
		</selectKey>
		insert into managers(no, userid, name, pwd, authcode)
		values(#{no}, #{userid}, #{name}, #{pwd}, #{authCode})
	</insert>
	
	<select id="selectPwd" parameterType="string" resultType="string">
		select pwd from managers 
		where userid=#{userid}
	</select>
	
	
</mapper>









