<?xml version="1.0" encoding="UTF-8"?>
<!DOCTYPE mapper PUBLIC "-//mybatis.org//DTD Mapper 3.0//EN" 
"http://mybatis.org/dtd/mybatis-3-mapper.dtd">

<mapper namespace="config.mybatis.mapper.oracle.zipcode">
	<sql id="searchWhere">
		where dong like '%' || #{dong} || '%'
	</sql>
	
	<select id="selectZipcode" parameterType="zipcodeVo" 
		resultType="zipcodeVo">
		select *
		from
		(
		    select rownum as RNUM, A.*
		    from
		    (
		        select * from zipcode
				<include refid="searchWhere"></include>
				order by seq
		    )A
		)
		where RNUM > #{firstRecordIndex} 
		<![CDATA[
		and RNUM<= #{firstRecordIndex} + #{recordCountPerPage}
		]]>
	</select>
	
	<select id="selectTotalRecord" parameterType="string" resultType="int">
		select count(*) from zipcode
		<include refid="searchWhere"></include>
	</select>
	
</mapper>









